Workout Timestamp,Live/On-Demand,Instructor Name,Length (minutes),Fitness Discipline,Type,Title,Class Timestamp,Total Output,Avg. Watts,Avg. Resistance,Avg. Cadence (RPM),Avg. Speed (mph),Distance (mi),CaloriesBurned,Avg. Heartrate,Avg. Incline,Avg. Pace (min/mi)
2016-05-23 13:30 (UTC),Live,Alex Toussaint,45,Cycling,Music,45 min Top Hits Ride,2016-05-23 13:15 (UTC),150,56,35%,63,12.35,9.26,347,,,
2020-04-05 16:46 (UTC),On Demand,Olivia Amato,10,Strength,Bodyweight,10 min Bodyweight Strength,2020-03-10 12:31 (UTC),,,,,,,7,,,
2020-04-11 17:33 (UTC),On Demand,Becs Gentry,10,Strength,Bodyweight,10 min Bodyweight Strength,2020-03-30 15:17 (UTC),,,,,,,50,,,
2020-04-12 14:42 (UTC),On Demand,Olivia Amato,10,Strength,Bodyweight,10 min Bodyweight Strength,2020-03-10 12:31 (UTC),,,,,,,50,,,
2020-05-03 15:56 (EST),On Demand,Andy Speer,30,Strength,Upper Body,30 min Upper Body: Live from Home,2020-05-01 11:25 (EST),,,,,,,148,,,
2020-05-04 06:47 (EST),On Demand,Jess Sims,20,Strength,Lower Body,20 min Lower Body: Live from Home,2020-05-02 11:30 (EST),,,,,,,99,,,
2020-05-05 10:11 (EST),On Demand,Andy Speer,20,Strength,Core,20 min Core Strength: Live from Home,2020-04-30 10:55 (EST),,,,,,,99,,,
2020-05-07 06:57 (EST),On Demand,Andy Speer,20,Strength,Bodyweight,20 min Bodyweight: Live from Home,2020-05-06 10:51 (EST),,,,,,,99,,,
2020-05-09 07:57 (EST),On Demand,Matty Maggiacomo,10,Strength,Lower Body,10 min Glutes & Legs Strength,2020-03-13 08:32 (EST),,,,,,,49,,,
2020-05-09 08:15 (EST),On Demand,Rebecca Kennedy,10,Strength,Lower Body,10 min Glutes & Legs Strength,2020-03-10 18:02 (EST),,,,,,,50,,,
2020-05-09 09:37 (EST),On Demand,Hannah Corbin,10,Strength,Lower Body,10 min Lower Body Toning,2017-02-16 11:00 (EST),,,,,,,50,,,
2020-05-10 07:59 (EST),On Demand,Jess Sims,20,Strength,Upper Body,20 min Upper Body: Live from Home,2020-05-07 10:55 (EST),,,,,,,99,,,
2020-05-20 06:32 (EST),On Demand,Ben Alldis,10,Strength,Arms & Light Weights,10 min Arms Toning,2020-04-30 06:30 (EST),,,,,,,49,,,
2020-05-20 07:52 (EST),On Demand,Ben Alldis,10,Strength,Arms & Light Weights,10 min Arms Toning,2020-04-30 06:30 (EST),,,,,,,50,,,
2020-05-20 08:16 (EST),On Demand,Leanne Hainsby,10,Strength,Arms & Light Weights,10 min Arms Toning,2020-04-14 04:30 (EST),,,,,,,50,,,
2020-05-20 13:15 (EST),On Demand,Leanne Hainsby,10,Strength,Arms & Light Weights,10 min Arms Toning,2020-04-14 04:30 (EST),,,,,,,50,,,
2020-05-20 14:03 (EST),On Demand,Adrian Williams,10,Strength,Upper Body,10 min Arms & Shoulders Strength,2020-05-19 10:00 (EST),,,,,,,50,,,
2020-05-20 14:36 (EST),On Demand,Jess Sims,10,Cardio,HIIT,10 min HIIT Cardio,2020-04-10 09:30 (EST),,,,,,,60,,,
2020-05-22 08:15 (EST),On Demand,Chase Tucker,10,Strength,Bodyweight,10 min Bodyweight Strength,2020-03-27 09:30 (EST),,,,,,,50,,,
2020-05-22 11:39 (EST),On Demand,Chase Tucker,10,Strength,Bodyweight,10 min Bodyweight Strength,2020-03-27 09:30 (EST),,,,,,,50,,,
2020-05-22 14:30 (EST),On Demand,Jess Sims,20,Strength,Full Body,20 min AHM Full Body: Live from Home,2020-05-14 14:21 (EST),,,,,,,100,,,
2020-05-22 15:05 (EST),On Demand,Andy Speer,20,Strength,Full Body,20 min Full Body: Live from Home,2020-05-13 10:50 (EST),,,,,,,99,,,
2020-05-23 06:59 (EST),On Demand,Adrian Williams,10,Strength,Core,10 min Core Strength,2020-05-22 10:00 (EST),,,,,,,50,,,
2020-05-23 20:37 (EST),On Demand,Selena Samuela,10,Strength,Core,10 min Core Strength,2020-05-06 16:25 (EST),,,,,,,50,,,
2020-05-24 08:02 (EST),On Demand,Olivia Amato,10,Strength,Lower Body,10 min Glutes & Legs Strength,2020-03-10 09:55 (EST),,,,,,,50,,,
2020-05-24 10:39 (EST),On Demand,Olivia Amato,10,Strength,Lower Body,10 min Glutes & Legs Strength,2020-03-10 09:55 (EST),,,,,,,50,,,
2020-05-24 13:25 (EST),On Demand,Robin Arzon,20,Strength,Lower Body,20 min Lower Body: Live from Home,2020-05-18 10:57 (EST),,,,,,,99,,,
2020-05-24 14:26 (EST),On Demand,Robin Arzon,20,Strength,Lower Body,20 min Lower Body: Live from Home,2020-05-18 10:57 (EST),,,,,,,99,,,
2020-05-26 13:55 (EST),On Demand,Becs Gentry,10,Strength,Full Body,10 min Full Body Strength,2020-03-31 11:02 (EST),,,,,,,50,,,
2020-05-26 14:40 (EST),On Demand,Rebecca Kennedy,10,Strength,Full Body,10 min Full Body Strength,2020-03-24 09:30 (EST),,,,,,,50,,,
2020-05-26 15:32 (EST),On Demand,Alex Toussaint,5,Cardio,Cardio,5 min Cardio,2016-08-01 14:00 (EST),,,,,,,29,,,
2020-05-27 07:59 (EST),On Demand,Alex Toussaint,5,Cardio,Cardio,5 min Cardio,2016-08-01 14:00 (EST),,,,,,,29,,,
2020-05-27 11:55 (EST),On Demand,Selena Samuela,10,Strength,Bodyweight,10 min Bodyweight Strength,2020-03-02 07:31 (EST),,,,,,,50,,,
2020-05-27 16:04 (EST),On Demand,Andy Speer,20,Strength,Bodyweight,20 min Bodyweight: Live from Home,2020-05-22 10:53 (EST),,,,,,,100,,,
2020-05-28 13:46 (EST),On Demand,Ben Alldis,10,Strength,Arms & Light Weights,10 min Arms Toning,2020-05-26 10:30 (EST),,,,,,,50,,,
2020-05-28 17:16 (EST),On Demand,Kendall Toole,10,Strength,Arms & Light Weights,10 min AHM: Bollywood Arms Toning,2020-05-26 10:00 (EST),,,,,,,50,,,
2020-06-05 15:42 (EST),On Demand,Rebecca Kennedy,10,Strength,Upper Body,10 min Arms & Shoulders Strength,2020-06-01 18:36 (EST),,,,,,,50,,,
2020-06-11 08:46 (EST),On Demand,Jess Sims,20,Strength,Upper Body,20 min Arms & Shoulders: Live from Home,2020-06-10 10:51 (EST),,,,,,,71,,,
2020-06-17 08:37 (EST),On Demand,Rebecca Kennedy,10,Strength,Upper Body,10 min Arms & Shoulders Strength,2020-06-01 18:36 (EST),,,,,,,50,,,
2020-06-17 18:05 (EST),On Demand,Rebecca Kennedy,10,Strength,Upper Body,10 min Arms & Shoulders Strength,2020-06-01 18:36 (EST),,,,,,,50,,,
2020-06-18 08:28 (EST),On Demand,Robin Arzon,20,Strength,Lower Body,20 min Lower Body: Live from Home,2020-05-18 10:57 (EST),,,,,,,99,,,
2020-06-18 18:32 (EST),On Demand,Robin Arzon,20,Strength,Lower Body,20 min Lower Body: Live from Home,2020-05-18 10:57 (EST),,,,,,,99,,,
2020-06-22 05:45 (EST),On Demand,Adrian Williams,20,Strength,Lower Body,20 min Lower Body Strength,2020-06-20 18:27 (EST),,,,,,,99,,,
2020-06-23 08:58 (EST),On Demand,Matty Maggiacomo,20,Strength,Upper Body,20 min Arms & Shoulders Strength,2020-06-22 15:35 (EST),,,,,,,100,,,
2020-07-31 21:18 (EST),On Demand,Robin Arzon,20,Strength,Bodyweight,20 min Bodyweight Strength,2019-12-02 17:51 (EST),,,,,,,101,,,
2020-08-01 22:12 (EST),On Demand,Robin Arzon,10,Strength,Core,10 min Core Strength,2020-07-29 10:00 (EST),,,,,,,50,,,
2020-08-03 18:56 (EST),On Demand,Becs Gentry,20,Strength,Bodyweight,20 min Bodyweight Strength,2020-01-17 10:50 (EST),,,,,,,101,,,
2020-09-05 06:12 (EST),On Demand,Adrian Williams,20,Strength,Upper Body,20 min Upper Body Strength,2020-08-29 11:50 (EST),,,,,,,101,,,
2020-09-08 06:03 (EST),On Demand,Olivia Amato,10,Strength,Core,10 min Core Strength,2020-09-07 10:00 (EST),,,,,,,50,,,
2020-09-16 20:20 (EST),On Demand,Alex Toussaint,20,Cycling,Music,20 min Hip Hop Ride,2020-06-06 16:00 (EST),77,64,33%,77,13.39,4.46,106,,,
2020-09-17 05:37 (EST),On Demand,Alex Toussaint,30,Cycling,Music,30 min Hip Hop Ride,2020-08-31 19:21 (EST),100,56,32%,75,12.45,6.23,138,,,
2020-09-18 05:21 (EST),On Demand,Alex Toussaint,30,Cycling,Theme,30 min Club Bangers Ride,2020-08-25 11:17 (EST),130,73,37%,71,13.88,6.94,180,,,
2020-09-18 05:56 (EST),On Demand,Andy Speer,10,Strength,Upper Body,10 min Arms & Shoulders Strength,2020-09-05 10:00 (EST),,,,,,,51,,,
2020-09-24 13:09 (EST),On Demand,Alex Toussaint,20,Cycling,Low Impact,20 min Low Impact Ride,2020-07-27 18:45 (EST),81,67,31%,85,13.61,4.54,111,,,
2020-09-26 12:55 (EST),On Demand,Tunde Oyeneyin,20,Cycling,Music,20 min Hip Hop Ride,2020-09-24 17:00 (EST),89,74,34%,82,14.11,4.7,123,,,
2020-09-26 13:21 (EST),On Demand,Ally Love,10,Strength,Barre,10 min Barre,2020-09-21 08:50 (EST),,,,,,,51,,,
2020-09-27 09:45 (EST),On Demand,Christine D'Ercole,20,Cycling,Music,20 min 90s Ride,2020-09-09 08:29 (EST),88,74,35%,77,14.11,4.7,122,,,
2020-09-28 19:30 (EST),Live,Alex Toussaint,30,Cycling,Music,30 min Hip Hop Ride,2020-09-28 19:20 (EST),155,86,38%,77,15.07,7.53,213,,,
2020-10-01 14:07 (EST),On Demand,Tunde Oyeneyin,15,Cycling,Music,15 min 90s Ride,2020-09-26 10:12 (EST),72,80,37%,78,14.66,3.66,99,,,
2020-10-02 20:06 (EST),On Demand,Ally Love,15,Cycling,Music,15 min Hip Hop Ride,2020-09-24 06:36 (EST),74,83,37%,77,14.73,3.68,102,,,
2020-10-02 20:25 (EST),On Demand,Selena Samuela,10,Strength,Lower Body,10 min Glutes & Legs Strength,2018-08-29 17:22 (EST),,,,,,,51,,,
2020-10-04 19:58 (EST),On Demand,Emma Lovewell,15,Cycling,Music,15 min 2000s Hip Hop Ride,2020-09-10 18:03 (EST),74,83,38%,75,14.74,3.68,102,,,
2020-10-04 20:16 (EST),On Demand,Adrian Williams,10,Strength,Upper Body,10 min Arms & Shoulders Strength,2020-09-30 09:00 (EST),,,,,,,51,,,
2020-10-05 20:39 (EST),On Demand,Ally Love,30,Strength,Barre,30 min Barre,2020-09-21 09:50 (EST),,,,,,,154,,,
2020-10-05 21:16 (EST),On Demand,Tunde Oyeneyin,30,Cycling,Music,30 min 90s Hip Hop Ride,2020-10-03 09:25 (EST),160,89,43%,68,15.26,7.63,220,,,
2020-10-05 21:51 (EST),On Demand,Selena Samuela,10,Stretching,Lower Body Stretch,10 min Lower Body Stretch,2020-09-16 10:00 (EST),,,,,,,26,,,
2020-10-06 19:38 (EST),On Demand,Chase Tucker,20,Strength,Resistance Bands,20 min Resistance Bands: Full Body,2020-09-28 10:00 (EST),,,,,,,103,,,
2020-10-06 20:00 (EST),On Demand,Chase Tucker,20,Strength,Resistance Bands,20 min Resistance Bands: Full Body,2020-09-28 10:00 (EST),,,,,,,103,,,
2020-10-06 20:26 (EST),On Demand,Tunde Oyeneyin,20,Cycling,Music,20 min 90s Pop Ride,2020-10-06 07:52 (EST),99,83,40%,69,14.73,4.91,137,,,
2020-10-07 19:57 (EST),On Demand,Becs Gentry,20,Strength,Strength for Runners,20 min Strength for Runners,2020-10-02 07:00 (EST),,,,,,,103,,,
2020-10-07 20:19 (EST),On Demand,Becs Gentry,20,Strength,Strength for Runners,20 min Strength For Runners,2020-08-20 07:39 (EST),,,,,,,103,,,
2020-10-07 20:44 (EST),On Demand,Tunde Oyeneyin,20,Cycling,Music,20 min 2000s Hip Hop Ride,2020-10-06 07:21 (EST),103,86,45%,63,15.03,5.01,142,,,
2020-10-07 21:09 (EST),On Demand,Rebecca Kennedy,10,Stretching,Lower Body Stretch,10 min Lower Body Stretch,2020-06-15 17:34 (EST),,,,,,,26,,,
2020-10-10 19:58 (EST),On Demand,Andy Speer,30,Strength,Lower Body,30 min Glutes & Legs Strength,2020-10-06 11:50 (EST),,,,,,,154,,,
2020-10-10 20:30 (EST),On Demand,Selena Samuela,20,Strength,Lower Body,20 min Glutes & Legs Strength,2020-10-05 09:04 (EST),,,,,,,103,,,
2020-10-10 20:55 (EST),On Demand,Hannah Corbin,10,Cycling,Climb,10 min Climb Ride,2020-09-27 10:03 (EST),57,96,47%,62,15.6,2.6,79,,,
2020-10-10 21:08 (EST),On Demand,Andy Speer,10,Stretching,Full Body Stretch,10 min Full Body Stretch,2020-10-10 10:00 (EST),,,,,,,26,,,
2020-10-11 16:49 (EST),On Demand,Andy Speer,20,Strength,Upper Body,20 min Chest & Back Strength,2020-10-09 07:30 (EST),,,,,,,103,,,
2020-10-11 17:13 (EST),On Demand,Ben Alldis,15,Strength,Upper Body,15 min Upper Body Strength,2020-10-08 01:00 (EST),,,,,,,77,,,
2020-10-11 17:31 (EST),On Demand,Chase Tucker,10,Strength,Upper Body,10 min Arms & Shoulders Strength,2020-10-07 12:28 (EST),,,,,,,51,,,
2020-10-11 20:14 (EST),On Demand,Ally Love,15,Cycling,Theme,15 min Boss Ride,2020-10-08 06:36 (EST),79,88,43%,66,15.04,3.76,108,,,
2020-10-11 20:32 (EST),On Demand,Ally Love,5,Stretching,Pre & Post-Ride Stretch,5 min Post-Ride Stretch,2020-07-17 09:00 (EST),,,,,,,13,,,
2020-10-12 21:02 (EST),On Demand,Olivia Amato,10,Strength,Core,10 min Core Strength,2020-10-11 08:30 (EST),,,,,,,51,,,
2020-10-12 21:14 (EST),On Demand,Adrian Williams,20,Strength,Core,20 min Core Strength,2020-10-08 10:00 (EST),,,,,,,103,,,
2020-10-12 21:50 (EST),On Demand,Alex Toussaint,30,Cycling,Low Impact,30 min Low Impact Ride,2019-01-31 16:21 (EST),119,66,36%,70,13.49,6.74,164,,,
2020-10-13 19:38 (EST),On Demand,Andy Speer,20,Strength,Full Body,20 min 80s Full Body Strength,2020-10-13 11:48 (EST),,,,,,,103,,,
2020-10-13 20:02 (EST),On Demand,Ben Alldis,20,Strength,Core,20 min Core Strength,2020-10-06 01:00 (EST),,,,,,,103,,,
2020-10-13 20:26 (EST),On Demand,Ross Rayburn,20,Yoga,Focus Flow,20 min Yoga Flow: Chest Openers,2020-10-12 10:00 (EST),,,,,,,74,,,
2020-10-19 19:25 (EST),On Demand,Andy Speer,20,Strength,Bodyweight,20 min Bodyweight Strength,2020-10-17 10:00 (EST),,,,,,,103,,,
2020-10-19 19:48 (EST),On Demand,Rebecca Kennedy,20,Strength,Bodyweight,20 min Bodyweight Strength,2020-10-16 11:51 (EST),,,,,,,103,,,
2020-10-19 20:16 (EST),On Demand,,20,Cycling,Scenic Ride,20 min Olympic National Park Scenic Ride,,82,68,37%,70,13.73,4.58,112,,,
2020-10-19 20:39 (EST),On Demand,Adrian Williams,10,Stretching,Full Body Stretch,10 min Full Body Stretch,2020-10-18 10:00 (EST),,,,,,,26,,,
2020-10-20 20:03 (EST),On Demand,Andy Speer,20,Strength,Full Body,20 min Rock Full Body Strength,2020-10-20 11:47 (EST),,,,,,,103,,,
2020-10-20 20:37 (EST),On Demand,Robin Arzon,20,Strength,Full Body,20 min Full Body Strength,2020-10-19 11:54 (EST),,,,,,,103,,,
2020-10-22 19:53 (EST),On Demand,Matty Maggiacomo,20,Strength,Upper Body,20 min Upper Body Strength,2020-10-22 11:50 (EST),,,,,,,103,,,
2020-10-22 20:16 (EST),On Demand,Rebecca Kennedy,20,Strength,Upper Body,20 min Chest & Back Strength,2020-10-20 08:19 (EST),,,,,,,103,,,
2020-10-22 20:39 (EST),On Demand,Robin Arzon,5,Strength,Core,5 min Core Strength,2020-09-06 10:00 (EST),,,,,,,26,,,
2020-10-22 20:49 (EST),On Demand,Kendall Toole,15,Cycling,Music,15 min EDM Ride,2020-10-18 08:36 (EST),83,92,47%,59,15.47,3.86,114,,,
2020-10-22 21:06 (EST),On Demand,Ben Alldis,10,Stretching,Full Body Stretch,10 min Full Body Stretch,2020-10-20 01:30 (EST),,,,,,,26,,,
2020-10-30 20:49 (EST),On Demand,Emma Lovewell,15,Cycling,Music,15 min Hip Hop Ride,2020-10-29 17:45 (EST),76,85,43%,63,15.06,3.76,105,,,
2020-11-01 12:50 (EST),On Demand,Rebecca Kennedy,20,Strength,Lower Body,20 min Glutes & Legs Strength,2020-10-31 10:00 (EST),,,,,,,103,,,
2020-11-01 13:14 (EST),On Demand,Adrian Williams,30,Strength,Lower Body,30 min Glutes & Legs Strength,2020-10-29 08:18 (EST),,,,,,,154,,,
2020-11-01 13:49 (EST),On Demand,Tunde Oyeneyin,10,Cycling,Low Impact,10 min Low Impact Ride,2020-10-26 08:30 (EST),41,68,37%,69,13.74,2.29,57,,,
2020-11-02 12:49 (EST),On Demand,Rebecca Kennedy,20,Strength,Upper Body,20 min Arms & Shoulders Strength,2019-09-10 19:52 (EST),,,,,,,,,,
2020-11-02 13:16 (EST),On Demand,Chase Tucker,10,Strength,Core,10 min Core Strength,2020-11-01 10:00 (EST),,,,,,,,,,
2020-11-02 13:30 (EST),On Demand,Matt Wilpers,20,Strength,Strength for Runners,20 min Strength for Runners,2020-09-25 09:26 (EST),,,,,,,,,,
2020-11-02 13:53 (EST),On Demand,Jess Sims,10,Cardio,HIIT,10 min HIIT Cardio,2020-10-30 09:09 (EST),,,,,,,,,,
2020-11-03 14:20 (EST),On Demand,Andy Speer,10,Strength,Resistance Bands,10 min Resistance Bands: Upper Body,2020-10-31 10:00 (EST),,,,,,,51,,,
2020-11-03 14:51 (EST),On Demand,Chase Tucker,10,Strength,Resistance Bands,10 min Resistance Bands: Glutes & Legs,2020-09-28 10:00 (EST),,,,,,,51,,,
2020-11-03 15:05 (EST),On Demand,Ben Alldis,15,Strength,Core,15 min Core Strength,2020-11-03 01:00 (EST),,,,,,,77,,,
2020-11-03 15:34 (EST),On Demand,Kendall Toole,15,Cycling,Intervals,15 min HIIT Ride,2020-11-02 12:10 (EST),70,78,40%,67,14.41,3.6,96,,,
2020-11-03 15:51 (EST),On Demand,Kendall Toole,10,Cycling,Low Impact,10 min Low Impact Ride,2020-09-13 08:35 (EST),47,78,43%,60,14.58,2.42,64,,,
2020-11-03 16:03 (EST),On Demand,Jess Sims,10,Stretching,Full Body Stretch,10 min Full Body Stretch,2020-10-14 10:00 (EST),,,,,,,26,,,
2020-11-04 13:42 (EST),On Demand,Hannah Corbin,30,Strength,Barre,30 min Barre,2020-09-21 09:40 (EST),,,,,,,149,,,
2020-11-04 14:21 (EST),On Demand,Ally Love,20,Strength,Barre,20 min Barre,2020-09-21 09:30 (EST),,,,,,,102,,,
2020-11-04 14:43 (EST),On Demand,Jess Sims,10,Cardio,HIIT,10 min HIIT Cardio,2020-10-28 10:00 (EST),,,,,,,60,,,
2020-11-12 21:00 (EST),On Demand,Andy Speer,10,Strength,Upper Body,10 min Arms & Shoulders Strength,2020-11-08 11:00 (EST),,,,,,,51,,,
2020-11-13 09:59 (EST),On Demand,Chase Tucker,10,Strength,Bodyweight,10 min Bodyweight Strength,2020-11-08 10:00 (EST),,,,,,,51,,,
2020-11-14 11:11 (EST),On Demand,Chase Tucker,10,Strength,Upper Body,10 min Arms & Shoulders Strength,2020-11-09 10:00 (EST),,,,,,,51,,,
2020-11-14 15:04 (EST),On Demand,Chase Tucker,10,Strength,Upper Body,10 min Arms & Shoulders Strength,2020-11-09 10:00 (EST),,,,,,,51,,,
2020-11-15 13:40 (EST),On Demand,Olivia Amato,30,Cycling,Music,30 min EDM Ride,2020-11-13 11:22 (EST),135,75,40%,66,14.1,7.05,186,,,
2020-11-16 14:40 (EST),On Demand,Selena Samuela,10,Strength,Core,10 min Core Strength,2020-11-16 09:01 (EST),,,,,,,51,,,
2020-11-16 14:53 (EST),On Demand,Rebecca Kennedy,45,Strength,Full Body,45 min Full Body Strength,2020-11-13 11:54 (EST),,,,,,,230,,,
2020-11-17 13:53 (EST),On Demand,Matty Maggiacomo,20,Strength,Core,20 min Core Strength,2020-11-05 11:49 (EST),,,,,,,103,,,
2020-11-17 14:16 (EST),On Demand,Rebecca Kennedy,20,Strength,Upper Body,20 min Arms & Shoulders Strength,2020-11-17 08:18 (EST),,,,,,,103,,,
2020-11-17 14:39 (EST),On Demand,Matty Maggiacomo,10,Strength,Upper Body,10 min Chest & Back Strength,2020-11-13 10:00 (EST),,,,,,,51,,,
2020-11-17 14:56 (EST),On Demand,Denis Morton,10,Cycling,Low Impact,10 min Low Impact Ride,2020-10-13 08:05 (EST),40,67,35%,74,13.69,2.28,56,,,
2020-11-18 13:27 (EST),On Demand,Olivia Amato,5,Strength,Core,5 min Core Strength,2020-11-18 08:57 (EST),,,,,,,26,,,
2020-11-18 13:34 (EST),On Demand,Chase Tucker,10,Strength,Lower Body,10 min Glutes & Legs Strength,2020-11-17 10:00 (EST),,,,,,,51,,,
2020-11-18 13:47 (EST),On Demand,Robin Arzon,20,Strength,Lower Body,20 min Glutes & Legs Strength,2020-11-16 11:55 (EST),,,,,,,103,,,
2020-11-18 14:11 (EST),On Demand,Selena Samuela,20,Strength,Lower Body,20 min Glutes & Legs Strength,2020-11-09 08:19 (EST),,,,,,,103,,,
2020-11-18 14:31 (EST),On Demand,Adrian Williams,5,Cardio,Warm Up,5 min HIIT Cardio Warm Up,2020-11-14 10:00 (EST),,,,,,,26,,,
2020-11-21 13:35 (EST),On Demand,Andy Speer,10,Strength,Core,10 min Core Strength,2020-11-21 10:00 (EST),,,,,,,51,,,
2020-11-21 13:47 (EST),On Demand,Becs Gentry,20,Strength,Strength for Runners,20 min Strength for Runners,2020-11-11 08:18 (EST),,,,,,,103,,,
2020-11-21 14:10 (EST),On Demand,Becs Gentry,20,Strength,Strength for Runners,20 min Strength for Runners,2020-07-21 19:35 (EST),,,,,,,103,,,
2020-11-21 14:42 (EST),On Demand,Emma Lovewell,10,Cycling,Climb,10 min Climb Ride,2020-11-05 17:34 (EST),53,88,47%,58,14.94,2.49,72,,,
2020-11-21 14:54 (EST),On Demand,Adrian Williams,10,Stretching,Full Body Stretch,10 min Full Body Stretch,2020-11-21 10:00 (EST),,,,,,,26,,,
2020-11-22 12:42 (EST),On Demand,Rebecca Kennedy,10,Cardio,Warm Up,10 min HIIT Cardio Warm Up,2020-11-08 10:00 (EST),,,,,,,51,,,
2020-11-22 12:54 (EST),On Demand,Jess Sims,20,Cardio,HIIT,20 min HIIT Cardio,2020-11-20 09:03 (EST),,,,,,,120,,,
2020-11-22 13:17 (EST),On Demand,Andy Speer,10,Strength,Resistance Bands,10 min Resistance Bands: Glutes & Legs,2020-11-21 10:00 (EST),,,,,,,51,,,
2020-11-22 13:39 (EST),On Demand,Andy Speer,10,Strength,Resistance Bands,10 min Resistance Bands: Upper Body,2020-11-21 10:00 (EST),,,,,,,51,,,
2020-11-22 13:52 (EST),On Demand,Matty Maggiacomo,10,Strength,Core,10 min Core Strength,2020-11-20 10:00 (EST),,,,,,,51,,,
2020-11-25 10:35 (EST),On Demand,Jess Sims,60,Bike Bootcamp,Music,60 min 90s Bootcamp,2020-11-16 16:51 (EST),187,,,,15.6,8.47,351,,,
2020-11-30 13:01 (EST),On Demand,Ben Alldis,10,Strength,Bodyweight,10 min Bodyweight Strength,2020-11-19 01:00 (EST),,,,,,,51,,,
2020-11-30 13:13 (EST),On Demand,Jess Sims,5,Strength,Core,5 min Core Strength,2020-11-19 10:00 (EST),,,,,,,26,,,
2020-11-30 13:19 (EST),On Demand,Jess Sims,20,Strength,Bodyweight,20 min Bodyweight Strength,2020-11-18 14:00 (EST),,,,,,,103,,,
2020-11-30 13:50 (EST),On Demand,Jess King,15,Cycling,Low Impact,15 min Low Impact Ride,2020-11-21 12:41 (EST),74,82,41%,65,14.76,3.69,101,,,
2020-11-30 14:07 (EST),On Demand,Matty Maggiacomo,10,Strength,Bodyweight,10 min Bodyweight Strength,2020-11-13 10:00 (EST),,,,,,,51,,,
2020-12-01 13:02 (EST),On Demand,Adrian Williams,20,Strength,Core,20 min Core Strength,2020-11-19 08:24 (EST),,,,,,,103,,,
2020-12-01 13:30 (EST),On Demand,Selena Samuela,20,Strength,Full Body,20 min Full Body Strength,2020-11-30 08:20 (EST),,,,,,,103,,,
2020-12-01 13:57 (EST),On Demand,Olivia Amato,20,Strength,Full Body,20 min Pop Full Body Strength,2020-11-25 08:22 (EST),,,,,,,103,,,
2020-12-04 16:45 (EST),On Demand,Jess Sims,20,Strength,Upper Body,20 min Arms & Shoulders Strength,2020-12-04 08:21 (EST),,,,,,,101,,,
2020-12-06 13:17 (EST),On Demand,Ben Alldis,10,Strength,Upper Body,10 min Upper Body Strength,2020-12-03 01:00 (EST),,,,,,,48,,,
2020-12-06 13:28 (EST),On Demand,Adrian Williams,10,Strength,Upper Body,10 min Arms & Shoulders Strength,2020-11-21 10:00 (EST),,,,,,,49,,,
2020-12-06 13:42 (EST),On Demand,Andy Speer,10,Strength,Upper Body,10 min Chest & Back Strength,2020-11-21 10:00 (EST),,,,,,,50,,,
2020-12-06 13:56 (EST),On Demand,Rebecca Kennedy,10,Strength,Upper Body,10 min Chest & Back Strength,2020-11-10 09:00 (EST),,,,,,,50,,,
2020-12-06 14:08 (EST),On Demand,Ben Alldis,10,Strength,Upper Body,10 min Upper Body Strength,2020-11-10 01:00 (EST),,,,,,,49,,,
2020-12-06 14:28 (EST),On Demand,Jess Sims,10,Strength,Upper Body,10 min Arms & Shoulders Strength,2020-11-04 10:00 (EST),,,,,,,51,,,
2020-12-07 13:52 (EST),On Demand,Ben Alldis,10,Strength,Lower Body,10 min Glutes & Legs Strength,2020-11-05 01:00 (EST),,,,,,,51,,,
2020-12-07 14:05 (EST),On Demand,Matty Maggiacomo,20,Strength,Lower Body,20 min Glutes & Legs Strength,2020-12-03 12:32 (EST),,,,,,,103,,,
2020-12-08 18:18 (EST),On Demand,Andy Speer,20,Strength,Resistance Bands,20 min Resistance Bands: Upper Body,2020-09-09 06:25 (EST),,,,,,,102,,,
2020-12-08 18:43 (EST),On Demand,Andy Speer,10,Strength,Resistance Bands,10 min Resistance Bands: Core,2020-09-09 06:05 (EST),,,,,,,51,,,
2020-12-09 13:32 (EST),On Demand,Olivia Amato,45,Cycling,Power Zone,45 min Power Zone Ride,2020-12-07 05:51 (EST),153,77,35%,80,14.37,7.96,211,,,
2020-12-10 13:31 (EST),On Demand,Olivia Amato,30,Cycling,Power Zone,30 min Power Zone Ride,2020-10-18 11:45 (EST),143,80,36%,79,14.61,7.3,197,,,
2020-12-10 14:05 (EST),On Demand,Olivia Amato,15,Strength,Bodyweight,15 min Bodyweight Strength,2020-12-09 08:30 (EST),,,,,,,77,,,
2020-12-10 14:26 (EST),On Demand,Rebecca Kennedy,15,Strength,Bodyweight,15 min Bodyweight Strength,2020-11-06 12:40 (EST),,,,,,,77,,,
2020-12-11 13:30 (EST),On Demand,Andy Speer,30,Strength,Upper Body,30 min Upper Body Strength,2020-12-10 08:20 (EST),,,,,,,154,,,
2020-12-11 14:08 (EST),On Demand,Ben Alldis,10,Strength,Upper Body,10 min Arms & Shoulder Strength,2020-12-10 01:00 (EST),,,,,,,51,,,
2020-12-11 14:21 (EST),On Demand,Rebecca Kennedy,20,Strength,Upper Body,20 min Chest & Back Strength,2020-12-01 08:18 (EST),,,,,,,103,,,
2020-12-13 12:47 (EST),On Demand,Jess Sims,60,Bike Bootcamp,Music,60 min Pop Bootcamp,2020-12-07 16:53 (EST),164,,,,14.98,7.69,343,,,
2020-12-13 13:51 (EST),On Demand,Rebecca Kennedy,10,Stretching,Full Body Stretch,10 min Full Body Stretch,2020-11-22 10:00 (EST),,,,,,,26,,,
2020-12-14 19:04 (EST),On Demand,Ben Alldis,15,Strength,Upper Body,15 min Upper Body Strength,2020-10-08 01:00 (EST),,,,,,,76,,,
2020-12-16 16:30 (EST),On Demand,Tunde Oyeneyin,30,Bike Bootcamp,Body Focus,30 min Bootcamp: Core,2020-12-11 09:00 (EST),71,,,,14.04,3.6,166,,,
2020-12-17 13:50 (EST),On Demand,Jess Sims,30,Bike Bootcamp,Bodyweight,30 min Bootcamp: Bodyweight,2020-09-15 09:00 (EST),83,,,,14.51,4.21,172,,,
2020-12-18 18:04 (EST),On Demand,Aditi Shah,30,Strength,Pilates,30 min Pilates,2020-12-16 09:00 (EST),,,,,,,154,,,
2020-12-18 18:39 (EST),On Demand,Robin Arzon,30,Bike Bootcamp,Body Focus,30 min Bootcamp: Full Body,2020-09-15 09:15 (EST),83,,,,14.23,4.18,167,,,
2020-12-19 19:25 (EST),On Demand,Alex Toussaint,10,Cycling,Low Impact,10 min Low Impact Ride,2020-12-14 20:06 (EST),44,73,34%,81,14.16,2.35,60,,,
2020-12-19 19:37 (EST),On Demand,Alex Toussaint,5,Stretching,Pre & Post-Ride Stretch,5 min Post-Ride Stretch,2020-10-28 09:00 (EST),,,,,,,13,,,
2020-12-20 19:49 (EST),On Demand,Olivia Amato,20,Cycling,Music,20 min House Ride,2020-12-18 12:00 (EST),117,98,49%,65,15.83,5.27,161,,,
2020-12-20 20:12 (EST),On Demand,Ben Alldis,5,Stretching,Lower Body Stretch,5 min Lower Body Stretch,2020-12-01 01:20 (EST),,,,,,,13,,,
2020-12-21 16:40 (EST),On Demand,Hannah Corbin,10,Strength,Pilates,10 min Pilates,2020-12-16 09:00 (EST),,,,,,,51,,,
2020-12-21 16:54 (EST),On Demand,Jess Sims,20,Strength,Bodyweight,20 min Year of Yes Bodyweight Strength,2020-12-21 10:00 (EST),,,,,,,103,,,
2020-12-22 18:29 (EST),On Demand,Sam Yo,20,Strength,Pilates,20 min Pilates,2020-12-16 09:00 (EST),,,,,,,103,,,
2020-12-22 19:32 (EST),On Demand,Olivia Amato,30,Cycling,Power Zone,30 min Power Zone Endurance Ride,2020-09-06 11:45 (EST),129,72,32%,85,14.02,7,177,,,
2020-12-22 20:03 (EST),On Demand,Olivia Amato,5,Stretching,Pre & Post-Ride Stretch,5 min Post-Ride Stretch,2020-12-21 08:30 (EST),,,,,,,13,,,
2020-12-22 20:10 (EST),On Demand,Selena Samuela,20,Strength,Lower Body,20 min Glutes & Legs Strength,2020-12-22 12:30 (EST),,,,,,,103,,,
2020-12-23 19:53 (EST),On Demand,Kristin McGee,30,Strength,Pilates,30 min Pilates,2020-12-16 09:00 (EST),,,,,,,154,,,
2020-12-23 20:30 (EST),On Demand,Andy Speer,30,Strength,Upper Body,30 min Upper Body Strength,2020-09-29 11:48 (EST),,,,,,,154,,,
2020-12-25 18:50 (EST),On Demand,Tunde Oyeneyin,30,Bike Bootcamp,Body Focus,30 min Bootcamp: Full Body,2020-12-22 07:55 (EST),72,,,,15.36,3.34,179,,,
2020-12-25 19:25 (EST),On Demand,Matty Maggiacomo,10,Stretching,Full Body Stretch,10 min Full Body Stretch,2020-11-12 11:00 (EST),,,,,,,26,,,
2020-12-27 13:08 (EST),On Demand,Kendall Toole,20,Cycling,Music,20 min 90s Pop Ride,2020-12-26 09:00 (EST),109,91,40%,74,15.44,5.14,150,,,
2020-12-27 13:32 (EST),On Demand,Jess Sims,10,Strength,Core,10 min Core Strength,2020-12-27 09:00 (EST),,,,,,,51,,,
2020-12-27 13:43 (EST),On Demand,Ben Alldis,20,Strength,Bodyweight,20 min The Beatles Bodyweight Strength,2020-12-25 04:00 (EST),,,,,,,103,,,
2020-12-27 14:05 (EST),On Demand,Alex Toussaint,15,Cycling,Music,15 min Hip Hop Ride,2020-12-24 09:00 (EST),77,85,41%,68,15.13,3.78,106,,,
2020-12-27 14:24 (EST),On Demand,Andy Speer,10,Stretching,Full Body Stretch,10 min Full Body Stretch,2020-12-26 09:00 (EST),,,,,,,26,,,
2020-12-28 19:11 (EST),On Demand,Andy Speer,30,Strength,Upper Body,30 min Upper Body Strength,2019-12-10 11:00 (EST),,,,,,,156,,,
2020-12-28 19:45 (EST),On Demand,Emma Lovewell,5,Strength,Core,5 min Core Strength,2019-03-19 15:38 (EST),,,,,,,26,,,
2020-12-28 19:52 (EST),On Demand,Andy Speer,15,Strength,Upper Body,15 min Chest & Back Strength,2020-08-18 10:00 (EST),,,,,,,77,,,
2020-12-28 20:10 (EST),On Demand,Andy Speer,10,Strength,Upper Body,10 min Arms & Shoulders Strength,2020-05-29 10:00 (EST),,,,,,,51,,,
2020-12-30 16:04 (EST),On Demand,Andy Speer,10,Stretching,Full Body Stretch,10 min Strength-Focus Warm Up,2019-12-10 11:00 (EST),,,,,,,51,,,
2020-12-30 16:14 (EST),On Demand,Andy Speer,30,Strength,Lower Body,30 min Lower Body Strength,2019-12-10 11:10 (EST),,,,,,,153,,,
2020-12-30 16:48 (EST),On Demand,Andy Speer,15,Strength,Lower Body,15 min Glutes & Legs Strength,2020-10-28 14:00 (EST),,,,,,,77,,,
2020-12-31 13:34 (EST),On Demand,Tunde Oyeneyin,45,Bike Bootcamp,Music,45 min Hip Hop Bootcamp,2020-12-15 16:54 (EST),113,,,,15.13,5.46,276,,,
2021-01-01 12:41 (EST),On Demand,Andy Speer,5,Strength,Core,5 min Core Strength,2020-12-26 09:00 (EST),,,,,,,26,,,
2021-01-01 12:47 (EST),On Demand,Andy Speer,30,Strength,Full Body,30 min Full Body Strength,2019-12-10 11:20 (EST),,,,,,,154,,,
2021-01-01 13:26 (EST),On Demand,Andy Speer,20,Strength,Full Body,20 min 90s Rock Full Body Strength,2020-08-24 19:35 (EST),,,,,,,106,,,
2021-01-01 13:53 (EST),On Demand,Kendall Toole,10,Cycling,Climb,10 min Climb Ride,2020-12-28 12:05 (EST),51,86,44%,63,15.02,2.5,71,,,
2021-01-02 18:42 (EST),On Demand,Olivia Amato,45,Cycling,Power Zone,45 min Power Zone Endurance Ride,2020-07-30 17:49 (EST),230,85,42%,67,15.08,11.31,317,,,
2021-01-02 19:31 (EST),On Demand,Selena Samuela,10,Stretching,Lower Body Stretch,10 min Lower Body Stretch,2020-07-31 10:00 (EST),,,,,,,26,,,
2021-01-03 19:18 (EST),On Demand,Olivia Amato,30,Cycling,Power Zone,30 min Power Zone EDM Ride,2020-12-31 09:00 (EST),157,87,46%,62,15.2,7.59,216,,,
2021-01-03 19:53 (EST),On Demand,Emma Lovewell,30,Strength,Pilates,30 min Pilates,2020-12-16 09:00 (EST),,,,,,,154,,,
2021-01-04 10:39 (EST),On Demand,Ben Alldis,5,Strength,Core,5 min Core Strength,2020-12-10 01:15 (EST),,,,,,,25,,,
2021-01-04 16:58 (EST),On Demand,Andy Speer,5,Strength,Full Body,5 min Strength Test Week 1,2019-12-10 11:30 (EST),,,,,,,26,,,
2021-01-04 17:04 (EST),On Demand,Andy Speer,30,Strength,Upper Body,30 min Upper Body Strength,2019-12-10 11:40 (EST),,,,,,,154,,,
2021-01-04 19:47 (EST),On Demand,Andy Speer,20,Strength,Upper Body,20 min Chest & Back Strength,2020-12-29 11:51 (EST),,,,,,,103,,,
2021-01-04 20:13 (EST),On Demand,Olivia Amato,15,Cycling,Music,15 min EDM Ride,2021-01-02 09:00 (EST),72,80,40%,69,14.72,3.68,99,,,
2021-01-05 10:34 (EST),On Demand,Ben Alldis,10,Strength,Bodyweight,10 min Bodyweight Strength,2020-12-15 01:00 (EST),,,,,,,51,,,
2021-01-06 10:17 (EST),On Demand,Andy Speer,10,Strength,Bodyweight,10 min Bodyweight Strength,2020-10-31 10:00 (EST),,,,,,,51,,,
2021-01-06 15:58 (EST),On Demand,Ben Alldis,10,Strength,Bodyweight,10 min Bodyweight Strength,2020-11-19 01:00 (EST),,,,,,,49,,,
2021-01-06 19:22 (EST),On Demand,Chase Tucker,15,Strength,Bodyweight,15 min Bodyweight Strength,2021-01-06 12:30 (EST),,,,,,,65,,,
2021-01-06 19:39 (EST),On Demand,Andy Speer,15,Strength,Bodyweight,15 min Bodyweight Strength,2020-12-29 12:40 (EST),,,,,,,65,,,
2021-01-07 08:43 (EST),On Demand,Ben Alldis,10,Strength,Bodyweight,10 min Bodyweight Strength,2020-10-01 03:30 (EST),,,,,,,43,,,
2021-01-07 10:34 (EST),On Demand,Adrian Williams,10,Strength,Bodyweight,10 min Bodyweight Strength,2020-11-07 10:00 (EST),,,,,,,44,,,
2021-01-07 12:26 (EST),On Demand,Olivia Amato,15,Cardio,HIIT,15 min HIIT Cardio,2020-11-18 08:22 (EST),,,,,,,76,,,
2021-01-10 13:31 (EST),On Demand,Leanne Hainsby,20,Cycling,Beginner,20 min Beginner Ride,2020-12-17 01:00 (EST),106,88,41%,70,15.35,5.11,124,,,
2021-01-10 13:56 (EST),On Demand,Matty Maggiacomo,30,Strength,Bodyweight,30 min Bodyweight Strength,2021-01-04 08:19 (EST),,,,,,,131,,,
2021-01-11 05:14 (EST),On Demand,Emma Lovewell,20,Cycling,Music,20 min 90s Dance Ride,2021-01-04 08:24 (EST),102,85,42%,67,15.12,5.04,119,,,
2021-01-11 05:37 (EST),On Demand,Ben Alldis,10,Strength,Bodyweight,10 min Bodyweight Strength,2021-01-11 01:00 (EST),,,,,,,43,,,
2021-01-11 05:49 (EST),On Demand,Selena Samuela,10,Strength,Full Body,10 min EDM Full Body Strength,2020-08-05 10:00 (EST),,,,,,,44,,,
2021-01-12 05:25 (EST),On Demand,Tunde Oyeneyin,30,Cycling,Intervals,30 min HIIT & Hills Ride,2021-01-09 09:26 (EST),179,100,47%,65,15.95,7.96,209,,,
2021-01-12 05:59 (EST),On Demand,Olivia Amato,10,Strength,Bodyweight,10 min Bodyweight Strength,2020-09-16 07:37 (EST),,,,,,,44,,,
2021-01-13 05:19 (EST),On Demand,Ben Alldis,30,Cycling,Music,30 min 2010s Ride,2021-01-12 13:25 (EST),154,86,46%,62,14.97,7.48,180,,,
2021-01-13 05:53 (EST),On Demand,Adrian Williams,10,Strength,Lower Body,10 min Glutes & Legs Strength,2021-01-07 09:10 (EST),,,,,,,43,,,
2021-01-13 06:04 (EST),On Demand,Ben Alldis,10,Stretching,Full Body Stretch,10 min Full Body Stretch,2021-01-04 01:25 (EST),,,,,,,22,,,
2021-01-17 06:31 (EST),On Demand,Tunde Oyeneyin,30,Cycling,Music,30 min Hip Hop Ride,2021-01-16 13:25 (EST),150,83,40%,73,14.71,7.35,175,,,
2021-01-17 07:04 (EST),On Demand,Olivia Amato,15,Strength,Bodyweight,15 min Bodyweight Strength,2021-01-13 08:21 (EST),,,,,,,65,,,
2021-01-18 05:17 (EST),On Demand,Jess King,45,Cycling,Music,45 min EDM Ride,2021-01-16 11:53 (EST),222,82,42%,63,14.9,11.18,259,,,
2021-01-18 06:05 (EST),On Demand,Selena Samuela,15,Strength,Bodyweight,15 min Bodyweight Strength,2020-12-23 08:19 (EST),,,,,,,65,,,
2021-01-19 05:17 (EST),On Demand,Hannah Frankson,30,Cycling,Music,30 min EDM Ride,2021-01-05 08:55 (EST),140,78,39%,71,14.51,7.25,163,,,
2021-01-19 05:49 (EST),On Demand,Robin Arzon,10,Strength,Bodyweight,10 min Bodyweight Strength,2020-10-07 10:00 (EST),,,,,,,44,,,
2021-01-23 13:28 (-05),On Demand,Kendall Toole,20,Cycling,Music,20 min EDM Ride,2021-01-19 17:26 (-05),106,88,42%,68,15.32,5.1,124,,,
2021-01-24 07:52 (-05),On Demand,Olivia Amato,45,Cycling,Power Zone,45 min Power Zone Endurance Ride,2021-01-22 11:23 (-05),243,90,38%,80,15.45,11.59,283,,,
2021-01-24 08:40 (-05),On Demand,Jess Sims,15,Strength,Full Body,Flash 15,2021-01-22 09:19 (-05),,,,,,,65,,,
2021-01-25 18:43 (-05),On Demand,Leanne Hainsby,45,Cycling,Music,45 min 2010s Ride,2021-01-09 06:55 (-05),233,86,40%,71,15.19,11.38,272,,,
2021-01-25 19:31 (-05),On Demand,Ben Alldis,15,Strength,Full Body,15 min Full Body Strength,2021-01-25 01:00 (-05),,,,,,,65,,,
2021-01-27 18:36 (-05),On Demand,Olivia Amato,45,Cycling,Intervals,45 min HIIT & Hills Ride,2021-01-25 05:51 (-05),229,85,39%,75,15.06,11.29,267,,,
2021-01-27 19:24 (-05),On Demand,Jess Sims,15,Strength,Full Body,Flash 15,2021-01-15 09:20 (-05),,,,,,,65,,,
2021-01-30 12:46 (-05),On Demand,Matt Wilpers,60,Cycling,Power Zone,60 min Power Zone Endurance Ride,2021-01-30 07:52 (-05),313,87,38%,78,15.24,15.23,365,,,
2021-01-30 13:50 (-05),On Demand,Andy Speer,10,Stretching,Lower Body Stretch,10 min Glutes & Legs Stretch,2020-01-10 09:40 (-05),,,,,,,22,,,
2021-02-01 05:19 (-05),On Demand,Olivia Amato,30,Cycling,Power Zone,30 min Power Zone Max Ride,2021-01-18 05:52 (-05),131,73,33%,83,14.07,7.03,153,,,
2021-02-01 05:52 (-05),On Demand,Rebecca Kennedy,15,Strength,Bodyweight,15 min Bodyweight Strength,2021-01-25 11:50 (-05),,,,,,,65,,,
2021-02-03 05:19 (-05),On Demand,Jess Sims,45,Bike Bootcamp,Body Focus,45 min Bootcamp: Full Body,2021-01-18 16:51 (-05),121,,,,14.96,6,233,,,
2021-02-10 05:23 (EST),On Demand,Jess King,15,Cycling,Low Impact,15 min Low Impact Ride,2021-02-06 12:40 (EST),64,71,35%,77,14.06,3.51,75,,,
2021-02-12 05:18 (EST),On Demand,Emma Lovewell,15,Cycling,Groove,15 min Intro to Groove Ride,2020-12-23 10:00 (EST),72,80,38%,75,14.56,3.64,84,,,
2021-02-14 12:46 (EST),On Demand,Kendall Toole,45,Cycling,Music,45 min 2000s Ride,2021-02-14 07:52 (EST),245,91,42%,70,15.55,11.65,286,,,
2021-02-14 13:37 (EST),On Demand,Robin Arzon,20,Strength,Full Body,20 min Year of Yes Full Body Strength,2020-12-22 08:56 (EST),,,,,,,87,,,
2021-02-16 12:49 (EST),On Demand,Olivia Amato,30,Cycling,Power Zone,30 min Power Zone Endurance Ride,2021-02-12 11:25 (EST),182,101,41%,77,16.27,8.14,212,,,
2021-02-16 13:24 (EST),On Demand,Matty Maggiacomo,30,Strength,Full Body,30 min Full Body Strength,2020-09-29 08:20 (EST),,,,,,,131,,,
2021-02-17 13:18 (EST),On Demand,Alex Toussaint,10,Cycling,Climb,10 min Climb Ride,2021-01-25 20:06 (EST),60,100,44%,69,16.22,2.7,70,,,
2021-02-18 05:52 (EST),On Demand,Emma Lovewell,5,Cycling,Low Impact,5 min Warm Up Ride,2021-02-16 09:00 (EST),18,60,30%,84,12.93,1.07,21,,,
2021-02-18 05:59 (EST),On Demand,Ally Love,15,Cycling,Theme,15 min Feel Good Ride,2020-11-16 12:06 (EST),85,94,42%,70,15.83,3.96,99,,,
2021-02-18 06:18 (EST),On Demand,Matty Maggiacomo,5,Stretching,Lower Body Stretch,5 min Hips Stretch,2021-02-10 10:00 (EST),,,,,,,11,,,
2021-02-20 05:09 (EST),On Demand,Hannah Frankson,5,Cycling,Low Impact,5 min Warm Up Ride,2021-01-30 08:15 (EST),20,67,31%,88,13.71,1.14,23,,,
2021-02-20 05:16 (EST),On Demand,Ben Alldis,20,Cycling,Climb,20 min Climb Ride,2021-02-01 02:21 (EST),100,83,38%,76,15.01,5,116,,,
2021-02-20 05:41 (EST),On Demand,Aditi Shah,30,Yoga,Power,30 min Power Yoga,2021-02-16 07:53 (EST),,,,,,,94,,,
2021-02-21 06:22 (EST),On Demand,Leanne Hainsby,5,Cycling,Low Impact,5 min Warm Up Ride,2021-01-16 02:00 (EST),19,64,30%,88,13.4,1.11,22,,,
2021-02-21 06:29 (EST),On Demand,Christine D'Ercole,30,Cycling,Low Impact,30 min Low Impact Ride,2021-02-15 17:00 (EST),141,78,37%,77,14.63,7.31,164,,,
2021-02-21 07:01 (EST),On Demand,Jess Sims,5,Stretching,Lower Body Stretch,5 min Lower Body Stretch,2021-02-03 10:00 (EST),,,,,,,11,,,
2021-02-21 12:48 (EST),On Demand,Aditi Shah,20,Strength,Pilates,20 min Pilates,2020-12-16 09:00 (EST),,,,,,,87,,,
2021-02-22 13:12 (EST),On Demand,Sam Yo,5,Cycling,Low Impact,5 min Warm Up Ride,2021-01-06 01:00 (EST),21,72,29%,98,14.08,1.17,25,,,
2021-02-22 13:18 (EST),On Demand,Cody Rigsby,45,Cycling,Music,45 min Pop Ride,2020-12-30 11:22 (EST),255,94,42%,71,15.82,11.86,297,,,
2021-02-22 14:06 (EST),On Demand,Ben Alldis,5,Stretching,Upper Body Stretch,5 min Upper Body Stretch,2021-02-15 01:15 (EST),,,,,,,11,,,
2021-02-22 14:11 (EST),On Demand,Robin Arzon,5,Strength,Core,5 min Core Strength,2021-02-10 10:00 (EST),,,,,,,22,,,
2021-02-23 18:45 (-05),On Demand,Becs Gentry,5,Strength,Warm Up,5 min Core Strength Warm Up,2021-01-26 10:00 (-05),,,,,,,22,,,
2021-02-23 18:56 (-05),On Demand,Christine D'Ercole,5,Cycling,Low Impact,5 min Warm Up Ride,2020-12-22 08:30 (-05),19,64,30%,88,13.32,1.1,22,,,
2021-02-23 19:03 (-05),On Demand,Denis Morton,30,Cycling,Theme,30 min BHM: Fresh Friday Ride,2021-02-19 09:00 (-05),162,90,44%,68,15.54,7.77,189,,,
2021-02-23 19:35 (-05),On Demand,Ben Alldis,5,Stretching,Lower Body Stretch,5 min Lower Body Stretch,2021-02-22 01:25 (-05),,,,,,,11,,,
2021-02-23 19:41 (-05),On Demand,Aditi Shah,20,Yoga,Focus Flow,20 min Focus Flow: Hips,2021-02-18 17:53 (-05),,,,,,,62,,,
2021-02-24 19:10 (-05),On Demand,Tunde Oyeneyin,30,Cycling,Music,30 min Hip Hop Ride,2021-02-20 09:23 (-05),141,78,36%,78,14.66,7.33,164,,,
2021-02-24 19:46 (-05),On Demand,Chase Tucker,10,Stretching,Lower Body Stretch,10 min Glutes & Legs Stretch,2020-03-10 08:56 (-05),,,,,,,22,,,
2021-02-25 09:46 (-05),On Demand,Ben Alldis,10,Strength,Upper Body,10 min Arms & Shoulders Strength,2021-02-15 01:00 (-05),,,,,,,43,,,
2021-02-25 19:09 (-05),On Demand,Andy Speer,5,Cardio,Warm Up,5 min HIIT Cardio Warm Up,2020-11-07 10:00 (-05),,,,,,,22,,,
2021-02-25 19:17 (-05),On Demand,Tunde Oyeneyin,30,Bike Bootcamp,Body Focus,30 min Bootcamp: Upper Body,2021-02-16 17:20 (-05),61,,,,14.07,3.32,132,,,
2021-02-25 19:49 (-05),On Demand,Matty Maggiacomo,10,Stretching,Full Body Stretch,10 min Full Body Stretch,2021-01-20 10:00 (-05),,,,,,,22,,,
2021-02-26 18:42 (-05),On Demand,Rebecca Kennedy,5,Cardio,HIIT,5 min HIIT Cardio Warm Up,2021-01-27 10:00 (-05),,,,,,,22,,,
2021-02-26 18:49 (-05),On Demand,Ben Alldis,5,Cycling,Low Impact,5 min Warm Up Ride,2020-12-11 01:00 (-05),19,64,30%,88,13.41,1.11,22,,,
2021-02-26 18:55 (-05),On Demand,Emma Lovewell,20,Cycling,Intervals,20 min HIIT Ride,2021-02-22 11:55 (-05),102,85,38%,76,15.17,5.05,119,,,
2021-02-26 19:17 (-05),On Demand,Adrian Williams,5,Stretching,Pre & Post-Run Stretch,5 min Post-Run Stretch,2021-02-23 10:00 (-05),,,,,,,11,,,
2021-02-26 19:23 (-05),On Demand,Hannah Corbin,20,Strength,Barre,20 min Barre,2021-02-22 09:00 (-05),,,,,,,87,,,
2021-02-26 19:44 (-05),On Demand,Olivia Amato,5,Strength,Core,5 min Core Strength,2021-02-03 08:21 (-05),,,,,,,22,,,
2021-02-27 13:28 (-05),On Demand,Andy Speer,20,Cardio,HIIT,20 min Holiday HIIT Cardio,2020-12-08 11:50 (-05),,,,,,,101,,,
2021-02-27 13:51 (-05),On Demand,Chelsea Jackson Roberts,10,Yoga,Focus Flow,10 min Focus Flow: Hips,2021-02-27 09:36 (-05),,,,,,,35,,,
2021-03-01 09:55 (-05),On Demand,Robin Arzon,5,Strength,Core,5 min Core Strength,2021-02-25 10:00 (-05),,,,,,,22,,,
2021-03-01 19:29 (-05),On Demand,Hannah Corbin,15,Cycling,Music,15 min 2010s Ride,2021-02-22 05:45 (-05),75,83,38%,75,15.01,3.74,87,,,
2021-03-01 19:50 (-05),On Demand,Andy Speer,10,Stretching,Lower Body Stretch,10 min Glutes & Legs Stretch,2019-09-27 08:09 (-05),,,,,,,22,,,
2021-03-02 12:24 (-05),On Demand,Sam Yo,5,Cycling,Low Impact,5 min Warm Up Ride,2021-03-01 01:00 (-05),26,87,30%,103,15.32,1.27,30,,,
2021-03-02 12:30 (-05),On Demand,Hannah Frankson,10,Cycling,Low Impact,10 min Low Impact Ride,2021-02-22 14:02 (-05),63,105,43%,73,16.51,2.75,73,,,
2021-03-02 12:43 (-05),On Demand,Rebecca Kennedy,10,Stretching,Full Body Stretch,10 min Full Body Stretch,2021-02-28 10:00 (-05),,,,,,,22,,,
2021-03-03 04:58 (-05),On Demand,Emma Lovewell,20,Cycling,Groove,20 min Groove Ride,2021-02-15 08:23 (-05),106,88,41%,70,15.38,5.12,124,,,
2021-03-03 05:22 (-05),On Demand,Ben Alldis,20,Strength,Upper Body,20 min Upper Body Strength,2021-03-03 01:00 (-05),,,,,,,87,,,
2021-03-03 05:44 (-05),On Demand,Matty Maggiacomo,10,Stretching,Full Body Stretch,10 min Full Body Stretch,2021-01-28 08:00 (-05),,,,,,,22,,,
